id,name,description,tags,upload_time,approval_status,approval_comment,uploader
1,Dataset 1,A sample dataset for dataset 1,"radiology,genomics,medical imaging",2025-04-26 11:47:42,rejected,,1
2,Dataset 2,A sample dataset for dataset 2,"medical imaging,genomics,cardiology",2025-04-26 11:47:42,pending,,2
3,Dataset 3,A sample dataset for dataset 3,"neurology,medical imaging,cardiology",2025-04-26 11:47:42,pending,,3
4,Dataset 4,A sample dataset for dataset 4,"cardiology,immunology,genomics",2025-04-26 11:47:42,rejected,,4
5,Dataset 5,A sample dataset for dataset 5,"cardiology,neurology,cancer",2025-04-26 11:47:42,rejected,,5
6,Dataset 6,A sample dataset for dataset 6,"cardiology,medical imaging,neurology",2025-04-26 11:47:42,rejected,,6
7,Dataset 7,A sample dataset for dataset 7,"medical imaging,immunology,genomics",2025-04-26 11:47:42,approved,,7
8,Dataset 8,A sample dataset for dataset 8,"neurology,genomics,radiology",2025-04-26 11:47:42,rejected,,8
9,Dataset 9,A sample dataset for dataset 9,"cancer,immunology,neurology",2025-04-26 11:47:42,approved,,9
10,Dataset 10,A sample dataset for dataset 10,"medical imaging,cancer,neurology",2025-04-26 11:47:42,pending,,10
11,Dataset 11,A sample dataset for dataset 11,"cancer,immunology,cardiology",2025-04-26 11:47:42,rejected,,11
12,Dataset 12,A sample dataset for dataset 12,"cardiology,radiology,cancer",2025-04-26 11:47:42,pending,,12
13,Dataset 13,A sample dataset for dataset 13,"cancer,immunology,radiology",2025-04-26 11:47:42,pending,,13
14,Dataset 14,A sample dataset for dataset 14,"neurology,radiology,genomics",2025-04-26 11:47:42,pending,,14
15,Dataset 15,A sample dataset for dataset 15,"cardiology,genomics,neurology",2025-04-26 11:47:42,pending,,15
16,Dataset 16,A sample dataset for dataset 16,"medical imaging,cardiology,cancer",2025-04-26 11:47:42,rejected,,16
17,Dataset 17,A sample dataset for dataset 17,"genomics,cardiology,immunology",2025-04-26 11:47:42,pending,,17
18,Dataset 18,A sample dataset for dataset 18,"genomics,medical imaging,radiology",2025-04-26 11:47:42,approved,,18
19,Dataset 19,A sample dataset for dataset 19,"cancer,genomics,cardiology",2025-04-26 11:47:42,approved,,19
20,Dataset 20,A sample dataset for dataset 20,"immunology,neurology,cancer",2025-04-26 11:47:42,pending,,1
